{
	"format_version": "1.8.0",
	"animations": {
		"Open": {
			"animation_length": 1.25,
			"bones": {
				"door": {
					"rotation": {
						"0.0": {
							"post": {
								"vector": [0, 0, 0]
							},
							"lerp_mode": "catmullrom"
						},
						"0.0417": [0, 4.45817, 0],
						"0.0833": [0, 13.66791, 0],
						"0.125": [0, 25.07294, 0],
						"0.1667": [0, 37.64929, 0],
						"0.2083": [0, 50.82199, 0],
						"0.25": [0, 64.17908, 0],
						"0.2917": [0, 77.35174, 0],
						"0.3333": [0, 89.92803, 0],
						"0.375": [0, 101.33294, 0],
						"0.4167": [0, 110.54243, 0],
						"0.4583": {
							"vector": [0, 115, 0],
							"easing": "bezier",
							"left": [0, 0, 0],
							"left_time": [-0.1, -0.1, -0.1],
							"right": [0, 0, 0],
							"right_time": [0.1, 0.1, 0.1]
						},
						"0.5": [0, 114.48475, 0],
						"0.5417": [0, 110.51525, 0],
						"0.5833": {
							"vector": [0, 110, 0]
						},
						"0.75": {
							"vector": [0, 115, 0]
						}
					}
				}
			}
		},
		"Close": {
			"animation_length": 0.875,
			"bones": {
				"locker": {
					"rotation": {
						"0.2917": {
							"vector": [0, 0, 0]
						},
						"0.3333": {
							"vector": [-2.5, 0, 0]
						},
						"0.4583": {
							"vector": [0, 0, 0]
						}
					}
				},
				"door": {
					"rotation": {
						"0.0": {
							"vector": [0, 115, 0]
						},
						"0.0417": [0, 108.83735, 0],
						"0.0833": [0, 92.55378, 0],
						"0.125": [0, 69.9092, 0],
						"0.1667": [0, 45.09275, 0],
						"0.2083": [0, 22.44783, 0],
						"0.25": [0, 6.16361, 0],
						"0.2917": {
							"vector": [0, 0, 0]
						},
						"0.3333": [0, -0.25763, 0],
						"0.375": [0, -2.24237, 0],
						"0.4167": {
							"vector": [0, -2.5, 0]
						},
						"0.5": {
							"vector": [0, 2.5, 0]
						},
						"0.5417": {
							"vector": [0, 0, 0]
						}
					}
				},
				"pins": {
					"rotation": {
						"0.2917": {
							"vector": [0, 0, 0]
						},
						"0.3333": {
							"vector": [-2.5, 0, 0]
						},
						"0.4583": {
							"vector": [0, 0, 0]
						}
					}
				}
			}
		}
	},
	"geckolib_format_version": 2
}